<?xml version="1.0" encoding="UTF-8"?>

<!DOCTYPE mapper
PUBLIC "-//mybatis.org//DTD Mapper 3.0//EN"
"http://mybatis.org/dtd/mybatis-3-mapper.dtd">

<mapper namespace="SqlPartnerMapper">

<resultMap type="Partner" id="PartnerResult">
	<result property="partnerId" column="PARTNER_ID"/>
	<result property="partnerName" column="PARTNER_NAME"/>
	<result property="useYn" column="USE_YN"/>
	<result property="createDate" column="CREATE_DATE"/>
	<result property="updateDate" column="UPDATE_DATE"/>
</resultMap>

<select id="selectPartnerList" parameterType="Partner" resultMap="PartnerResult">

	<![CDATA[
	
	SELECT * FROM Partner
	WHERE USE_YN = 'Y'
	
	]]>



</select>
</mapper>